{
    "type": "bonsaitrees3:sapling",
	"mod": "minecraft",
    "sapling": {
        "item": "minecraft:dark_oak_sapling"
    },
    "drops": [
        {
            "rolls": 1,
            "chance": 0.01,
            "result": {
                "item": "minecraft:dark_oak_sapling"
            }
        },
        {
            "rolls": 1,
            "chance": 1.00,
            "result": {
                "item": "minecraft:dark_oak_log"
            }
        },
        {
            "rolls": 1,
            "chance": 0.25,
            "result": {
                "item": "minecraft:dark_oak_leaves"
            },
            "requiresSilkTouch": true
        }
    ],
    "compatibleSoilTags": [
        "dirt",
        "grass"
    ]
}