{
    "type": "bonsaitrees3:sapling",
	"mod": "minecraft",
    "sapling": {
        "item": "minecraft:spruce_sapling"
    },
    "drops": [
        {
            "rolls": 1,
            "chance": 0.01,
            "result": {
                "item": "minecraft:spruce_sapling"
            }
        },
        {
            "rolls": 1,
            "chance": 1.00,
            "result": {
                "item": "minecraft:spruce_log"
            }
        },
        {
            "rolls": 1,
            "chance": 0.25,
            "result": {
                "item": "minecraft:spruce_leaves"
            },
            "requiresSilkTouch": true
        }
    ],
    "compatibleSoilTags": [
        "dirt",
        "grass"
    ]
}