{
  "type": "bonsaitrees3:sapling",
  "conditions": [{ "type": "forge:mod_loaded", "modid": "quark" }],
  "sapling": {
    "item": "quark:red_blossom_sapling"
  },
  "drops": [
    {
      "rolls": 1,
      "chance": 0.01,
      "result": {
        "item": "quark:red_blossom_sapling"
      }
    },
    {
      "rolls": 1,
      "chance": 1.00,
      "result": {
        "item": "quark:blossom_log"
      }
    },
    {
      "rolls": 1,
      "chance": 0.25,
      "result": {
        "item": "quark:red_blossom_leaves"
      },
      "requiresSilkTouch": true
    }
  ],
  "compatibleSoilTags": [
    "dirt",
    "grass"
  ]
}